Sample Code,Mc_%_actual,Mc_%_pred,Cake_por_actual,Cake_por_pred
Si_Rep,0.0943,0.11233452168761483,0.42950420907149145,0.4186666884272696
Si_F,0.1493,0.16244186202990996,0.42758370258476,0.45197624194807917
Si_F,0.1767,0.16244186202990996,0.4472641826116145,0.45197624194807917
Si_Rep,0.0787,0.11233452168761483,0.40988627450980397,0.4186666884272696
Si_Rep,0.09369999999999999,0.11233452168761483,0.4062119999999999,0.4186666884272696
Si_BM,0.0689,0.06277762436126798,0.3314340528781794,0.32324178477553156
Si_M,0.1348,0.135700262202259,0.4304257735180749,0.42741119082760437
Si_C,0.1189,0.11000704558864584,0.4122333679506546,0.42441486173529397
Si_M,0.1557,0.13367014347221948,0.4427580757610968,0.42741119082760437
