Sample Code,Mc_%_actual,Mc_%_pred,Cake_por_actual,Cake_por_pred
Si_Rep,0.0943,0.1022995747693468,0.42950420907149145,0.4186666884272696
Si_F,0.1493,0.15824040164089181,0.42758370258476,0.4519762419480793
Si_F,0.1767,0.15824040164089181,0.4472641826116145,0.4519762419480793
Si_Rep,0.0787,0.1022995747693468,0.40988627450980397,0.4186666884272696
Si_Rep,0.09369999999999999,0.1022995747693468,0.4062119999999999,0.4186666884272696
Si_BM,0.0689,0.06819743855381522,0.3314340528781794,0.32324178477553167
Si_M,0.1348,0.1340321522404513,0.4304257735180749,0.42741119082760437
Si_C,0.1189,0.10144038755539514,0.4122333679506546,0.42441486173529386
Si_M,0.1557,0.1340321522404513,0.4427580757610968,0.42741119082760437
